{"name":"efa1d98e-904a-4961-95fb-5e56559a384d","id":"/providers/Microsoft.Flow/flows/efa1d98e-904a-4961-95fb-5e56559a384d","type":"Microsoft.Flow/flows","properties":{"apiId":"/providers/Microsoft.PowerApps/apis/shared_logicflows","displayName":"PowerApps_SaveAttachments","definition":{"metadata":{"workflowEntityId":null,"creator":{"id":"7b19deb8-8b18-4124-bc57-11ac273e665c","type":"User","tenantId":"2161a74d-1c3e-4d34-a8c8-131360d2e92c"},"provisioningMethod":"FromDefinition","failureAlertSubscription":true,"clientLastModifiedTime":"2020-06-10T14:40:17.8431951Z"},"$schema":"https://schema.management.azure.com/providers/Microsoft.Logic/schemas/2016-06-01/workflowdefinition.json#","contentVersion":"1.0.0.0","parameters":{"$connections":{"defaultValue":{},"type":"Object"},"$authentication":{"defaultValue":{},"type":"SecureObject"}},"triggers":{"manual":{"type":"Request","kind":"PowerApp","inputs":{"schema":{"type":"object","properties":{"Initializevariable_Value":{"type":"string","description":"Enter initial value","x-ms-powerflows-param-ispartial":false},"Createfile2_FileName":{"type":"string","description":"Name of the file.","x-ms-powerflows-param-ispartial":false}},"required":["Initializevariable_Value","Createfile2_FileName"]}}}},"actions":{"Initialize_variable":{"runAfter":{},"type":"InitializeVariable","inputs":{"variables":[{"name":"payload","type":"string","value":"@triggerBody()['Initializevariable_Value']"}]}},"Parse_JSON":{"runAfter":{"Initialize_variable":["Succeeded"]},"type":"ParseJson","inputs":{"content":"@variables('payload')","schema":{"type":"array","items":{"type":"object","properties":{"Name":{"type":"string"},"AttachedFile":{"type":"string"},"MoreMetaData":{"type":"string"}}}}}},"Apply_to_each":{"foreach":"@body('Parse_JSON')","actions":{"Create_file_2":{"runAfter":{},"metadata":{"flowSystemMetadata":{"swaggerOperationId":"CreateFile"}},"type":"ApiConnection","inputs":{"host":{"connection":{"name":"@json(decodeBase64(triggerOutputs().headers['X-MS-APIM-Tokens']))['$connections']['shared_sharepointonline']['connectionId']"},"api":{"runtimeUrl":"https://india-001.azure-apim.net/apim/sharepointonline"}},"method":"post","body":"@dataUriToBinary(item()['AttachedFile'])","path":"/datasets/@{encodeURIComponent(encodeURIComponent('https://ytpl.sharepoint.com/sites/PartInventory'))}/files","queries":{"folderPath":"/TestFiles","name":"@items('Apply_to_each')?['Name']","queryParametersSingleEncoded":true},"authentication":{"type":"Raw","value":"@json(decodeBase64(triggerOutputs().headers['X-MS-APIM-Tokens']))['$ConnectionKey']"}}},"Update_file_properties":{"runAfter":{"Create_file_2":["Succeeded"]},"metadata":{"flowSystemMetadata":{"swaggerOperationId":"PatchFileItem"}},"type":"ApiConnection","inputs":{"host":{"connection":{"name":"@json(decodeBase64(triggerOutputs().headers['X-MS-APIM-Tokens']))['$connections']['shared_sharepointonline']['connectionId']"},"api":{"runtimeUrl":"https://india-001.azure-apim.net/apim/sharepointonline"}},"method":"patch","body":{"Title":"@body('Parse_JSON')?['items']?['properties']?['MoreMetaData']"},"path":"/datasets/@{encodeURIComponent(encodeURIComponent('https://ytpl.sharepoint.com/sites/PartInventory'))}/tables/@{encodeURIComponent(encodeURIComponent('018babf8-69df-42d8-aabc-b193101048a1'))}/items/@{encodeURIComponent(body('Create_file_2')?['ItemId'])}/patchfileitem","authentication":{"type":"Raw","value":"@json(decodeBase64(triggerOutputs().headers['X-MS-APIM-Tokens']))['$ConnectionKey']"}}}},"runAfter":{"Parse_JSON":["Succeeded"]},"type":"Foreach"}},"outputs":{},"description":"Create one or more actions to happen when a button or link in PowerApps is selected. To use this flow from a PowerApp, select the control you want to trigger the flow and go to the Action tab in the PowerApps ribbon and select Flows."},"connectionReferences":{"shared_sharepointonline":{"connectionName":"df637188ba7e4a7185243e73fb1fb593","source":"Invoker","id":"/providers/Microsoft.PowerApps/apis/shared_sharepointonline","tier":"NotSpecified"}},"flowFailureAlertSubscribed":false}}