{"name":"6a9e2295-2729-444d-b51f-24140d6efcef","id":"/providers/Microsoft.Flow/flows/6a9e2295-2729-444d-b51f-24140d6efcef","type":"Microsoft.Flow/flows","properties":{"apiId":"/providers/Microsoft.PowerApps/apis/shared_logicflows","displayName":"SaveCovid19EmpReport","definition":{"metadata":{"workflowEntityId":null,"creator":{"id":"7b19deb8-8b18-4124-bc57-11ac273e665c","type":"User","tenantId":"2161a74d-1c3e-4d34-a8c8-131360d2e92c"},"provisioningMethod":"FromDefinition","failureAlertSubscription":true,"clientLastModifiedTime":"2020-06-10T15:32:57.8627975Z"},"$schema":"https://schema.management.azure.com/providers/Microsoft.Logic/schemas/2016-06-01/workflowdefinition.json#","contentVersion":"1.0.0.0","parameters":{"$connections":{"defaultValue":{},"type":"Object"},"$authentication":{"defaultValue":{},"type":"SecureObject"}},"triggers":{"manual":{"type":"Request","kind":"PowerApp","inputs":{"schema":{"type":"object","properties":{"Initializevariable_Value":{"type":"string","description":"Enter initial value","x-ms-powerflows-param-ispartial":false},"Updatefileproperties_EmployeeID":{"type":"number","format":"double","x-ms-powerflows-param-ispartial":false}},"required":["Initializevariable_Value","Updatefileproperties_EmployeeID"]}}}},"actions":{"Initialize_variable":{"runAfter":{},"type":"InitializeVariable","inputs":{"variables":[{"name":"ReportData","type":"string","value":"@{triggerBody()['Initializevariable_Value']}"}]}},"Parse_JSON":{"runAfter":{"Initialize_variable":["Succeeded"]},"type":"ParseJson","inputs":{"content":"@variables('ReportData')","schema":{"type":"array","items":{"type":"object","properties":{"Name":{"type":"string"},"AttachedFile":{"type":"string"},"MoreMetaData":{"type":"string"}}}}}},"Apply_to_each":{"foreach":"@body('Parse_JSON')","actions":{"Create_file":{"runAfter":{},"metadata":{"flowSystemMetadata":{"swaggerOperationId":"CreateFile"}},"type":"ApiConnection","inputs":{"host":{"connection":{"name":"@json(decodeBase64(triggerOutputs().headers['X-MS-APIM-Tokens']))['$connections']['shared_sharepointonline']['connectionId']"},"api":{"runtimeUrl":"https://india-001.azure-apim.net/apim/sharepointonline"}},"method":"post","body":"@dataUriToBinary(item()['AttachedFile'])","path":"/datasets/@{encodeURIComponent(encodeURIComponent('https://ytpl.sharepoint.com/sites/Covid19'))}/files","queries":{"folderPath":"/EmpReport","name":"@items('Apply_to_each')?['Name']","queryParametersSingleEncoded":true},"authentication":{"type":"Raw","value":"@json(decodeBase64(triggerOutputs().headers['X-MS-APIM-Tokens']))['$ConnectionKey']"}},"runtimeConfiguration":{"contentTransfer":{"transferMode":"Chunked"}}},"Update_file_properties":{"runAfter":{"Create_file":["Succeeded"]},"metadata":{"flowSystemMetadata":{"swaggerOperationId":"PatchFileItem"}},"type":"ApiConnection","inputs":{"host":{"connection":{"name":"@json(decodeBase64(triggerOutputs().headers['X-MS-APIM-Tokens']))['$connections']['shared_sharepointonline']['connectionId']"},"api":{"runtimeUrl":"https://india-001.azure-apim.net/apim/sharepointonline"}},"method":"patch","body":{"EmployeeID":"@triggerBody()['Updatefileproperties_EmployeeID']"},"path":"/datasets/@{encodeURIComponent(encodeURIComponent('https://ytpl.sharepoint.com/sites/Covid19'))}/tables/@{encodeURIComponent(encodeURIComponent('8ac4cac2-b0e0-4bc9-a123-45da09d3b777'))}/items/@{encodeURIComponent(body('Create_file')?['ItemId'])}/patchfileitem","authentication":{"type":"Raw","value":"@json(decodeBase64(triggerOutputs().headers['X-MS-APIM-Tokens']))['$ConnectionKey']"}}}},"runAfter":{"Parse_JSON":["Succeeded"]},"type":"Foreach"}},"outputs":{},"description":"Create one or more actions to happen when a button or link in PowerApps is selected. To use this flow from a PowerApp, select the control you want to trigger the flow and go to the Action tab in the PowerApps ribbon and select Flows."},"connectionReferences":{"shared_sharepointonline":{"connectionName":"df637188ba7e4a7185243e73fb1fb593","source":"Invoker","id":"/providers/Microsoft.PowerApps/apis/shared_sharepointonline","tier":"NotSpecified"}},"flowFailureAlertSubscribed":false}}