{"schemaVersion":"1.0","appDefinitionTemplate":{"id":"/providers/Microsoft.PowerApps/apps/","type":"Microsoft.PowerApps/apps","tags":{"primaryDeviceWidth":"640","primaryDeviceHeight":"1136","sienaVersion":"20200916T082332Z-3.20091.26.0","deviceCapabilities":"","supportsPortrait":"true","supportsLandscape":"false","primaryFormFactor":"Phone","publisherVersion":"3.20091.26","minimumRequiredApiVersion":"2.2.0","hasComponent":"false","hasUnlockedComponent":"false","isUnifiedRootApp":"false"},"properties":{"appVersion":"2020-09-16T08:23:32Z","lifeCycleId":"Published","createdByClientVersion":{"major":3,"minor":20091,"build":26,"revision":0,"majorRevision":0,"minorRevision":0},"minClientVersion":{"major":3,"minor":20091,"build":26,"revision":0,"majorRevision":0,"minorRevision":0},"backgroundColor":"rgba(209, 74, 119, 1)","backgroundImageUri":"/10843811732875932460/N48a18bac-99a0-4fe2-8ce5-71521ccc1da2-logoSmallFile","displayName":"Covid19","description":"","commitMessage":"","appUris":{"documentUri":{"value":"/10843811732875932460/N787bb6b2-ef75-41b5-a5a7-36a725b7f2f8-document.msapp","readonlyValue":"/10843811732875932460/N787bb6b2-ef75-41b5-a5a7-36a725b7f2f8-document.msapp"},"imageUris":[]},"createdTime":"0001-01-01T00:00:00Z","lastModifiedTime":"0001-01-01T00:00:00Z","sharedGroupsCount":0,"sharedUsersCount":0,"icons":{"smallIconUri":"/10843811732875932460/Na53727fa-f97e-4602-8314-e9f9746b4a74-small.png","mediumIconUri":"/10843811732875932460/N5f00e788-da5d-401d-8ca6-f34b0a86d0ef-medium.png","largeIconUri":"/10843811732875932460/N86844b33-2e44-4a34-a341-3582d814a804-large.png","wideIconUri":"/10843811732875932460/Naf0988e7-da90-4632-b6f7-52d049bafd4a-wide.png"},"connectionReferences":{"f1991328-9494-4497-a4b6-e1f4e1e93968":{"id":"94330051-f4b5-423f-8893-53de1d60b25d","displayName":"Logic flows","iconUri":"https://resourcestackdeploy.blob.core.windows.net/scripts/13276078.png","dataSources":["PowerApps_SaveAttachments"],"dependencies":["a7300439-a40b-4dce-ab7e-67d9abe97338"],"dependents":[],"parameterHints":{"workflowName":{"value":"5571d46b-e911-47a9-8d77-6d6fc865856d"},"a7300439-a40b-4dce-ab7e-67d9abe97338":{"value":"shared_sharepointonline"}},"isOnPremiseConnection":false,"bypassConsent":false,"dataSets":{},"apiTier":"Standard","isCustomApiConnection":false},"a7300439-a40b-4dce-ab7e-67d9abe97338":{"id":"d3b51dd0-4123-442b-94da-ae9cd82bd616","displayName":"SharePoint","iconUri":"https://connectoricons-prod.azureedge.net/releases/v1.0.1389/1.0.1389.2117/sharepointonline/icon.png","dataSources":["EmployeeInformation","EmployeeReport","EmpReport","Department","Designation","Manager","QuarantineType","SymptomsType","Severity","Status","Hospital","OrgEmployeeList","HRList"],"dependencies":[],"dependents":["f1991328-9494-4497-a4b6-e1f4e1e93968","d1c1baa1-78fb-4f34-83ab-4c0b226f669b"],"parameterHints":{},"isOnPremiseConnection":false,"bypassConsent":false,"dataSets":{"https://ytpl.sharepoint.com/sites/Covid19":{"dataSources":{"EmployeeInformation":{"tableName":"32c901d6-e0f4-4b02-9a89-ae305291f79c"},"EmployeeReport":{"tableName":"54027618-9099-4e3d-bf17-fec0d30c41a0"},"EmpReport":{"tableName":"8ac4cac2-b0e0-4bc9-a123-45da09d3b777"},"Department":{"tableName":"8fad15f8-b326-43d0-b66f-4ba7630225be"},"Designation":{"tableName":"7b2705c6-5c69-43b0-a84c-ddca53c2e3b7"},"Manager":{"tableName":"2ecd0d13-6ff5-4ee7-8101-6a494e2dea35"},"QuarantineType":{"tableName":"c100eb11-561d-4796-a576-0b2472b8f0d1"},"SymptomsType":{"tableName":"f4b70255-8dfe-4943-b9a4-26b310273b80"},"Severity":{"tableName":"6c0b8810-7662-46c6-af48-e518e92a7345"},"Status":{"tableName":"abe00844-5110-4b2e-b343-817be6cd400d"},"Hospital":{"tableName":"bea694c4-2c7a-4962-bfdb-4a413ab58a6a"},"OrgEmployeeList":{"tableName":"54ccf2f3-c392-416c-9aa3-95dff337ed23"},"HRList":{"tableName":"b3ebf5b9-b0fd-4bb8-bd13-e91e365c0df8"}}}},"apiTier":"Standard","isCustomApiConnection":false},"d1c1baa1-78fb-4f34-83ab-4c0b226f669b":{"id":"94330051-f4b5-423f-8893-53de1d60b25d","displayName":"Logic flows","iconUri":"https://resourcestackdeploy.blob.core.windows.net/scripts/13276078.png","dataSources":["SaveCovid19EmpReport"],"dependencies":["a7300439-a40b-4dce-ab7e-67d9abe97338"],"dependents":[],"parameterHints":{"workflowName":{"value":"507f05dc-f309-48d5-8e62-6eab86749349"},"a7300439-a40b-4dce-ab7e-67d9abe97338":{"value":"shared_sharepointonline"}},"isOnPremiseConnection":false,"bypassConsent":false,"dataSets":{},"apiTier":"Standard","isCustomApiConnection":false}},"databaseReferences":{},"almMode":"Environment","performanceOptimizationEnabled":true,"canConsumeAppPass":true},"isAppComponentLibrary":false,"appType":"ClassicCanvasApp","appComponents":[]}}